[
  {
    "views": 43030,
    "time": 1509968953000
  },
  {
    "views": 111844,
    "time": 1509972553000
  },
  {
    "views": 172876,
    "time": 1509976154000
  },
  {
    "views": 229132,
    "time": 1509979754000
  },
  {
    "views": 288378,
    "time": 1509983354000
  },
  {
    "views": 348685,
    "time": 1509986954000
  },
  {
    "views": 382807,
    "time": 1509990554000
  },
  {
    "views": 398180,
    "time": 1509994155000
  },
  {
    "views": 405143,
    "time": 1509997755000
  },
  {
    "views": 408392,
    "time": 1510001355000
  },
  {
    "views": 410371,
    "time": 1510004955000
  },
  {
    "views": 413082,
    "time": 1510008556000
  },
  {
    "views": 419960,
    "time": 1510012156000
  },
  {
    "views": 431554,
    "time": 1510015756000
  },
  {
    "views": 445229,
    "time": 1510019356000
  },
  {
    "views": 458703,
    "time": 1510022957000
  },
  {
    "views": 495630,
    "time": 1510026557000
  },
  {
    "views": 531653,
    "time": 1510030157000
  },
  {
    "views": 571485,
    "time": 1510033757000
  },
  {
    "views": 613991,
    "time": 1510037358000
  },
  {
    "views": 652663,
    "time": 1510040958000
  },
  {
    "views": 699598,
    "time": 1510044558000
  },
  {
    "views": 738566,
    "time": 1510048158000
  },
  {
    "views": 770287,
    "time": 1510051759000
  },
  {
    "views": 804105,
    "time": 1510055359000
  },
  {
    "views": 834063,
    "time": 1510058959000
  },
  {
    "views": 866068,
    "time": 1510062559000
  },
  {
    "views": 897219,
    "time": 1510066160000
  },
  {
    "views": 936469,
    "time": 1510069760000
  },
  {
    "views": 972749,
    "time": 1510073360000
  },
  {
    "views": 997032,
    "time": 1510076960000
  }
]