[
  {
    "id": 1,
    "name": "پویش یک",
    "createDate": 1509972553000,
    "count": 5,
    "active": true
  },
  {
    "id": 1,
    "name": "پویش دو",
    "createDate": 1509672553000,
    "count": 5,
    "active": false
  },
  {
    "id": 1,
    "name": "پویش سه",
    "createDate": 1509472553000,
    "count": 5,
    "active": true
  },
  {
    "id": 1,
    "name": "پویش چهار",
    "createDate": 1509472553000,
    "count": 5,
    "active": true
  }
]