{
  "repView": {
    "channelUsername": "@Perspolis",
    "channelName": "هواداران پرسپولیس",
    "views": 247550,
    "hashId": null
  },
  "channelDetail": {
    "categoryName": "ورزشی",
    "channelName": "هواداران پرسپولیس",
    "channelUsername": "@Perspolis",
    "members": 1737708
  },
  "repHistories": [
    {
      "toId": 1006619988,
      "messageId": 47348,
      "views": 16989,
      "username": "Perspolis",
      "deleteDate": null,
      "createDate": 1511209800000
    }
  ]
}
