[
  {
    "channelUsername": "@Mostamar_Azad",
    "channelName": "مستمر آزاد",
    "views": 5
  },
  {
    "channelUsername": "@wonders",
    "channelName": "عجیب‌ترین‌ها",
    "views": 4
  },
  {
    "channelUsername": "@midanidkee",
    "channelName": "آیا می دانید که؟",
    "views": 27425
  },
  {
    "channelUsername": "@Novel98",
    "channelName": "ناول ۹۸",
    "views": 10524
  },
  {
    "channelUsername": "@naghmegi",
    "channelName": "آکادمی اندیشمندان",
    "views": 44626
  },
  {
    "channelUsername": "@HISTOGRAPHY",
    "channelName": "هیستوگرافی",
    "views": 79397
  },
  {
    "channelUsername": "@Hamipaper",
    "channelName": "رسانه علمی مهندسی(تکنولوژی)",
    "views": 4130
  },
  {
    "channelUsername": "@Eterafakhar",
    "channelName": "اِعتراف آخر",
    "views": 40079
  },
  {
    "channelUsername": "@njoom2070",
    "channelName": "نجوم",
    "views": 15308
  },
  {
    "channelUsername": "@MrGif",
    "channelName": "مسترگیف",
    "views": 27409
  },
  {
    "channelUsername": "@Faraso",
    "channelName": "فراسو",
    "views": 35999
  },
  {
    "channelUsername": "@TinyMoviez",
    "channelName": "دیالوگ های ماندگار",
    "views": 37796
  },
  {
    "channelUsername": "@sarayeketab",
    "channelName": "سرای کتاب",
    "views": 31471
  },
  {
    "channelUsername": "@sheromusigi",
    "channelName": "شمع",
    "views": 16477
  },
  {
    "channelUsername": "@Z4Car",
    "channelName": "Z4Car",
    "views": 55390
  },
  {
    "channelUsername": "@Asan_To_Khobi",
    "channelName": "Asan_To_Khobi",
    "views": 40551
  },
  {
    "channelUsername": "@esteghlali",
    "channelName": "هواداران استقلال",
    "views": 29522
  },
  {
    "channelUsername": "@IrProLeague",
    "channelName": "لیگ برتر ایران",
    "views": 6
  },
  {
    "channelUsername": "@Ravan6enasiCalmMind",
    "channelName": "روانشـناسی و موفقیت ذهـن آرام",
    "views": 4
  },
  {
    "channelUsername": "@elmmag",
    "channelName": "علم برتر",
    "views": 56445
  },
  {
    "channelUsername": "@TVTube",
    "channelName": "تی وی تیوب",
    "views": 32580
  },
  {
    "channelUsername": "@Havij",
    "channelName": "مجله هوش و سرگرمیه هویج",
    "views": 68411
  },
  {
    "channelUsername": "@Perspolis",
    "channelName": "هواداران پرسپولیس",
    "views": 91861
  },
  {
    "channelUsername": "@taranome_sheer",
    "channelName": "مجله ترنم",
    "views": 28573
  },
  {
    "channelUsername": "@academic_library",
    "channelName": "کتابخانه دانشگاهی",
    "views": 23152
  },
  {
    "channelUsername": "@freelive2017",
    "channelName": "بدانیم علمی",
    "views": 17222
  },
  {
    "channelUsername": "@BazarBozorgBoukan",
    "channelName": "بازار بزرگ بوکان",
    "views": 3621
  },
  {
    "channelUsername": "@beststm",
    "channelName": "برترین ها | The Best",
    "views": 4
  },
  {
    "channelUsername": "@amazingss",
    "channelName": "دانستنی های عجیب",
    "views": 23563
  },
  {
    "channelUsername": "@officialcherknevis",
    "channelName": "cherknevis",
    "views": 35386
  },
  {
    "channelUsername": "@Parallel_Worlds",
    "channelName": "جهان های موازی",
    "views": 5
  },
  {
    "channelUsername": "@Ajib_Tarsangiz",
    "channelName": "محمد رضا بهرامي",
    "views": 51642
  },
  {
    "channelUsername": "@SuperNoova",
    "channelName": "SuperNoova",
    "views": 38670
  },
  {
    "channelUsername": "@esteghlaltelegram",
    "channelName": "استقلال تلگرام",
    "views": 21592
  },
  {
    "channelUsername": "@sheereno",
    "channelName": "کانال شعر نو",
    "views": 4
  },
  {
    "channelUsername": "@davayeroh",
    "channelName": "متنهای زیبا",
    "views": 56208
  },
  {
    "channelUsername": "@ancient",
    "channelName": "جهان باستان",
    "views": 5
  }
]
